Workbook

Sheet Cost of Living Analysis
A1: City | B1: Country | C1: Rank | D1: Rent Index | E1: Cost of Living & Rent Index | F1: Groceries Index | G1: Restaurant Price Index | H1: Local Purchasing Power Index | I1: Estimated Beer Price (€)
A2: Tirana | B2: Albania | C2: 156 | D2: 18.3 | E2: 35.6 | F2: 49.6 | G2: 49.7 | H2: 45.6 | I2: =_xlfn.XLOOKUP(TRIM(B2), Reference!A:A, Reference!B:B) -> 2
A3: Vienna | B3: Austria | C3: 35 | D3: 29.6 | E3: 54.2 | F3: 74 | G3: 75 | H3: 133.5 | I3: =_xlfn.XLOOKUP(TRIM(B3), Reference!A:A, Reference!B:B) -> 5
A4: Graz | B4: Austria | C4: 56 | D4: 20.3 | E4: 48.5 | F4: 72.7 | G4: 71.6 | H4: 124.5 | I4: =_xlfn.XLOOKUP(TRIM(B4), Reference!A:A, Reference!B:B) -> 5
A5: Villach | B5: Austria | C5: 100 | D5: 20.1 | E5: 45.4 | F5: 62.4 | G5: 66.7 | H5: 119.3 | I5: =_xlfn.XLOOKUP(TRIM(B5), Reference!A:A, Reference!B:B) -> 5
A6: Minsk | B6: Belarus | C6: 207 | D6: 11.8 | E6: 23 | F6: 31.5 | G6: 35.3 | H6: 70.6 | I6: =_xlfn.XLOOKUP(TRIM(B6), Reference!A:A, Reference!B:B) -> 1.8
A7: Brussels | B7: Belgium | C7: 38 | D7: 33.1 | E7: 55.5 | F7: 72 | G7: 89.6 | H7: 128 | I7: =_xlfn.XLOOKUP(TRIM(B7), Reference!A:A, Reference!B:B) -> 5
A8: Gent | B8: Belgium | C8: 41 | D8: 26.7 | E8: 52.5 | F8: 70.7 | G8: 89.9 | H8: 123.8 | I8: =_xlfn.XLOOKUP(TRIM(B8), Reference!A:A, Reference!B:B) -> 5
A9: Antwerp | B9: Belgium | C9: 51 | D9: 24.3 | E9: 50.5 | F9: 67.6 | G9: 89.4 | H9: 119.1 | I9: =_xlfn.XLOOKUP(TRIM(B9), Reference!A:A, Reference!B:B) -> 5
A10: Leuven | B10: Belgium | C10: 113 | D10: 29.7 | E10: 47.8 | F10: 59.5 | G10: 69.6 | H10: 138.2 | I10: =_xlfn.XLOOKUP(TRIM(B10), Reference!A:A, Reference!B:B) -> 5
A11: Sarajevo | B11: Bosnia And Herzegovina | C11: 180 | D11: 12 | E11: 29.1 | F11: 42.7 | G11: 37 | H11: 66.4 | I11: =_xlfn.XLOOKUP(TRIM(B11), Reference!A:A, Reference!B:B) -> 2
A12: Sofia | B12: Bulgaria | C12: 170 | D12: 18 | E12: 33.6 | F12: 45.2 | G12: 47.1 | H12: 96.1 | I12: =_xlfn.XLOOKUP(TRIM(B12), Reference!A:A, Reference!B:B) -> 2
A13: Varna | B13: Bulgaria | C13: 172 | D13: 13 | E13: 31 | F13: 46.9 | G13: 45.6 | H13: 72.5 | I13: =_xlfn.XLOOKUP(TRIM(B13), Reference!A:A, Reference!B:B) -> 2
... A214: Sheffield | B214: United Kingdom | C214: 111 | D214: 26.3 | E214: 46.7 | F214: 56.3 | G214: 68.4 | H214: 132.7 | I214: =_xlfn.XLOOKUP(TRIM(B214), Reference!A:A, Reference!B:B) -> 6.8

Sheet Reference
A1: Country | B1: Beer Price (Euro)
A2: Switzerland | B2: 9
A3: Norway | B3: 9.5
A4: United Kingdom | B4: 6.8
A5: Ireland | B5: 6.5
A6: France | B6: 7
A7: Germany | B7: 4.5
A8: Netherlands | B8: 5.5
A9: Belgium | B9: 5
A10: Austria | B10: 5
A11: Denmark | B11: 7.5
A12: Finland | B12: 8
A13: Sweden | B13: 7.5
... A41: Montenegro | B41: 3
